SGG_nm,SGG_cd,BJD_nm,BJD_eng_nm,BJD_cd,y,avg_apt_age,avg_TF_large,cnt,rate_big_area_m2,pop_50_69,rate_buy,rate_welfare_recipient,avg_D_Sub
종로구,11110,사직동,Sajik-dong,11500,16.32768758,15.86363636,0,1,0.450268817,217.9583333,0.136363636,1.27699739,374.1173232
종로구,11110,내수동,Naesu-dong,11800,16.37088181,19.24,0,1,0.2,217.9583333,0.178571429,1.27699739,250.1090601
종로구,11110,익선동,Ikseon-dong,13300,15.88601347,20.44444444,0,1,0,84.82142857,0.329787234,12.97090352,286.8439663
종로구,11110,인의동,Inui-dong,15700,16.12851289,17,0,1,0.483221477,84.82142857,0.106060606,12.97090352,282.1403165
종로구,11110,효제동,Hyoje-dong,16200,16.42794672,3.06122449,0,1,0,318.1,0.443298969,6.327994497,616.1671317
종로구,11110,충신동,Chungsin-dong,16700,15.73567956,12,0,1,0.005524862,318.1,0.179487179,6.327994497,533.688666
종로구,11110,명륜2가,Myeongnyun 2(i)-ga,17100,16.3519067,26.92307692,0,1,0,980.5,0.117318436,2.364433936,428.8278122
종로구,11110,창신동,Changsin-dong,17400,16.20219257,27.81904762,0,3,0.134776193,7253.5,0.134848485,6.786321155,198.4178564
종로구,11110,숭인동,Sungin-dong,17500,16.04009859,12.84756098,0,3,0.244588745,4890,0.175757576,5.423950335,118.3176214
종로구,11110,평동,Pyeong-dong,17700,16.97614969,6,0,1,0.025466893,455.4166667,0.076923077,2.45130448,616.1671317
종로구,11110,홍파동,Hongpa-dong,17900,16.94177567,6,1,1,0.168989547,455.4166667,0.078624079,2.45130448,616.1671317
종로구,11110,행촌동,Haengchon-dong,18100,15.98194369,52,0,1,0,455.4166667,0.053811659,2.45130448,616.1671317
종로구,11110,평창동,Pyeongchang-dong,18300,15.91701008,21.37931034,0,2,0.361445783,2891.75,0.281767956,0.875422789,3491.486861
종로구,11110,무악동,Muak-dong,18700,16.5328677,16.01769912,0,5,0.206254654,2463,0.140384615,2.670127944,197.7218333
중구,11140,회현동1가,Hoehyeon-dong 1(il)-ga,12100,16.35759237,17.6031746,0,2,0.428109855,163.3,0.253968254,10.10755175,192.5970056
중구,11140,회현동2가,Hoehyeon-dong 2(i)-ga,12200,16.28331154,13,0,1,0,163.3,0.211538462,10.10755175,205.4734037
중구,11140,충무로4가,Chungmuro 4(sa)-ga,13200,16.03504969,36.94117647,0,2,0.409660107,105.0909091,0.247706422,2.833226014,206.5317265
중구,11140,충무로5가,Chungmuro 5(o)-ga,13300,16.13942389,6.041666667,0,1,0,105.0909091,0.18579235,2.833226014,248.2334054
중구,11140,인현동2가,Inhyeon-dong 2(i)-ga,13400,15.97923478,47.14285714,0,2,0.027707809,152.85,0.18,4.727344056,236.8870901
중구,11140,묵정동,Mukjeong-dong,13600,15.96816215,41.66666667,0,1,0.008196721,371.8333333,0.42,3.391709155,248.2334054
중구,11140,오장동,Ojang-dong,15400,16.409914,2.955882353,0,1,0,152.85,0.313513514,4.727344056,248.2334054
중구,11140,입정동,Ipjeong-dong,15600,16.62865702,0,0,2,0,60.1,0.313513514,10.43905434,161.786033
중구,11140,신당동,Sindang-dong,16200,16.4516682,19.34210526,0.2,15,0.168633422,5490.5,0.119017632,5.855179255,388.760871
중구,11140,황학동,Hwanghak-dong,16500,16.24592159,12.48826291,0.333333333,3,0.191279887,3241.5,0.118042226,4.446592557,352.8434484
중구,11140,정동,Jeong-dong,16700,16.70778281,3,0,1,0,43.375,0.076923077,2.059025395,274.828498
중구,11140,순화동,Sunhwa-dong,16800,16.47251293,11.8,0,2,0.129330254,43.375,0.13372093,2.059025395,269.7179688
중구,11140,중림동,Jungnim-dong,17100,16.40298101,27.23529412,0,3,0.147431124,841.125,0.061046512,5.773300601,210.4320221
중구,11140,만리동1가,Malli-dong 1(il)-ga,17300,16.52743979,13.33333333,0,1,0,841.125,0.044117647,5.773300601,230.7093923
중구,11140,만리동2가,Malli-dong 2(i)-ga,17400,16.85505376,5.903225806,0.5,2,0.013636364,841.125,0.057077626,5.773300601,248.2334054
용산구,11170,후암동,Huam-dong,10100,16.3027633,32.5483871,0,1,0,4823.5,0.130890052,5.491134425,307.6753858
용산구,11170,동자동,Dongja-dong,10700,16.34870594,10,0,1,0.417266187,706.625,0.123595506,19.54865603,115.5250146
용산구,11170,원효로1가,Wonhyoro 1(iI)-ga,11200,16.56280539,9.6,0,3,0.203691916,960.25,0.025641026,2.654622546,277.0452788
용산구,11170,신창동,Sinchang-dong,11400,16.37527613,18,0,1,0,794.7,0.162790698,3.385330236,524.4121568
용산구,11170,산천동,Sancheon-dong,11500,16.55021018,22,0.333333333,3,0.165336374,794.7,0.084862385,3.385330236,612.998971
용산구,11170,청암동,Cheongam-dong,11600,16.324674,18.88888889,0,1,0,794.7,0.230769231,3.385330236,482.4613308
용산구,11170,원효로4가,Wonhyoro 4(sa)-ga,11800,16.70607444,40.24137931,0,2,0.364168618,794.7,0.146276596,3.385330236,749.3506166
용산구,11170,효창동,Hyochang-dong,11900,16.74036918,13.50684932,0,4,0.042397661,2739,0.103333333,1.631860126,563.5446333
용산구,11170,도원동,Dowon-dong,12000,16.58066979,26.30188679,0.5,2,0.1937751,1727.5,0.079591837,3.87158104,393.1243002
용산구,11170,용문동,Yongmun-dong,12100,16.50643465,15,0,1,0.194871795,1727.5,0.096774194,3.87158104,387.2857456
용산구,11170,문배동,Munbae-dong,12200,16.4710182,13.89247312,0,4,0.538546256,960.25,0.098404255,2.654622546,394.9274348
용산구,11170,신계동,Singye-dong,12300,16.87813098,12,0,1,0.143021915,960.25,0.078125,2.654622546,378.7811561
용산구,11170,한강로1가,Hangangno 1(il)-ga,12400,16.58980374,15.68965517,0,2,0.778723404,1154,0.178571429,2.070865394,97.80382151
용산구,11170,한강로2가,Hangangno 2(i)-ga,12500,16.62505734,14.65909091,0.25,5,0.074404762,1154,0.028673835,2.070865394,190.8650595
용산구,11170,용산동5가,Yongsan-dong 5(o)-ga,12700,16.87349729,14,0,1,0.638513514,1154,0.26119403,2.070865394,318.3531634
용산구,11170,한강로3가,Hangangno 3(sam)-ga,12800,16.84349505,14.92857143,0.25,4,0.534239415,1154,0.094637224,2.070865394,357.9134591
용산구,11170,이촌동,Ichon-dong,12900,16.92031048,29.35611511,0.111111111,18,0.371385514,9568,0.101570964,0.786693296,551.7577125
용산구,11170,이태원동,Itaewon-dong,13000,16.60206492,37.025,0,2,0.239263804,4140.5,0.132625995,3.774106587,590.239997
용산구,11170,한남동,Hannam-dong,13100,16.92678606,18.78672986,0,5,0.0864,5557,0.220023283,2.94899182,527.9161894
용산구,11170,서빙고동,Seobinggo-dong,13300,16.88941272,32.91304348,0.5,2,0.173564753,922.25,0.048632219,2.861241731,323.6114365
용산구,11170,보광동,Bogwang-dong,13600,16.88501667,32.05882353,0,2,0,4236.5,0.094972067,8.639275113,746.5333994
성동구,11200,상왕십리동,Sangwangsimni-dong,10100,16.63470132,8.385964912,0,2,0.158536585,1858.75,0.073972603,3.688391854,545.7640402
성동구,11200,하왕십리동,Hawangsimni-dong,10200,16.59048077,13.56118143,0.133333333,15,0.150321377,6602.25,0.105551212,3.587836839,432.5785335
성동구,11200,도선동,Doseon-dong,10400,16.31357803,17,0,1,0,1858.75,0.104166667,3.688391854,304.4552632
성동구,11200,마장동,Majang-dong,10500,16.40660398,24.62711864,0.125,8,0.097345133,6587,0.114369501,3.883230266,279.790375
성동구,11200,사근동,Sageun-dong,10600,16.08194307,20.36842105,0,1,0,1098.5,0.060301508,2.117298327,176.1065491
성동구,11200,행당동,Haengdang-dong,10700,16.58574741,19.56528926,0.333333333,15,0.190989795,10680,0.107998755,3.508484749,269.5538812
성동구,11200,응봉동,Eungbong-dong,10800,16.53264276,27.93721973,0.166666667,6,0.227507756,4162,0.125599233,1.583620461,314.3125836
성동구,11200,금호동1가,Geumho-dong1(il)-ga,10900,16.70577223,12.18055556,0.6,5,0.139344262,4444,0.080704329,4.788348352,499.6447866
성동구,11200,금호동2가,Geumho-dong2(i)-ga,11000,16.78524604,9.674033149,0.25,4,0.059409594,3268.25,0.115299335,3.459493415,404.3302787
성동구,11200,금호동3가,Geumho-dong3(sam)-ga,11100,16.5456108,21.98333333,0.25,4,0.237011593,3268.25,0.119148936,3.459493415,358.5666836
성동구,11200,금호동4가,Geumho-dong4(sa)-ga,11200,16.75900186,15.94350282,0.125,8,0.141873278,3937,0.095439189,3.267277506,423.1627723
성동구,11200,옥수동,Oksu-dong,11300,16.79846771,18.63615023,0.230769231,13,0.170122217,7056.5,0.079436039,2.140780894,269.1212679
성동구,11200,성수동1가,Seongsu-dong1(il)-ga,11400,17.03523501,19.74350649,0,15,0.052552553,8787.5,0.116574586,2.636448549,258.9115315
성동구,11200,성수동2가,Seongsu-dong2(i)-ga,11500,16.72358257,20.52112676,0,7,0.387593836,8607.5,0.098153547,3.899688958,577.4728932
성동구,11200,송정동,Songjeong-dong,11800,16.21842293,19.02173913,0,2,0.088662791,5253.75,0.218543046,7.325995824,691.8991281
성동구,11200,용답동,Yongdap-dong,12200,16.22338003,17.4375,0,1,0,1778.75,0.112781955,7.585038447,387.0447045
광진구,11215,중곡동,Junggok-dong,10100,15.98354733,24.92207792,0,1,0.21978022,25708,0.174242424,5.975003427,382.3563208
광진구,11215,구의동,Guui-dong,10300,16.54601317,20.12188366,0.181818182,11,0.098054005,22258,0.102002795,3.533951927,336.6123251
광진구,11215,광장동,Gwangjang-dong,10400,16.65855295,27.83789954,0.117647059,17,0.064220183,8950,0.112494442,0.746727576,447.6896163
광진구,11215,자양동,Jayang-dong,10500,16.54025291,22.59813084,0.03125,33,0.141421947,28104.5,0.106322743,3.981658513,529.5197373
광진구,11215,화양동,Hwayang-dong,10700,16.20633617,8.031847134,0,2,0,3625.5,0.2090301,3.010948905,488.210885
광진구,11215,군자동,Gunja-dong,10900,16.1953589,20.56363636,0,1,0.06162465,5141.5,0.273333333,4.935972061,337.2876345
동대문구,11230,신설동,Sinseol-dong,10100,16.20538057,5.12987013,0,1,0,4580.5,0.240601504,5.133996703,603.2551784
동대문구,11230,용두동,Yongdu-dong,10200,16.37067837,13.4,0.181818182,11,0.064786113,4580.5,0.116107383,5.133996703,277.4731973
동대문구,11230,제기동,Jegi-dong,10300,16.11843504,20.15384615,0.166666667,6,0.253807107,7495,0.161790017,6.632145816,287.5181841
동대문구,11230,전농동,Jeonnong-dong,10400,16.40957502,17.36787565,0.3,10,0.205641593,14903.5,0.103305785,5.612620396,899.1568766
동대문구,11230,답십리동,Dapsipni-dong,10500,16.32783644,13.21226415,0.130434783,23,0.110993359,16454,0.145933562,3.919405773,800.0649687
동대문구,11230,장안동,Jangan-dong,10600,16.09863313,13.83180026,0.181818182,11,0.25327393,20604,0.198478812,4.356209384,1020.435613
동대문구,11230,청량리동,Cheongnyangni-dong,10700,16.20470919,34.77272727,0.166666667,6,0.362174803,6842,0.125203252,9.901419131,585.2902939
동대문구,11230,회기동,Hoegi-dong,10800,16.15779901,16.7826087,0,3,0.028571429,2151,0.121276596,3.391947727,470.3346442
동대문구,11230,휘경동,Hwigyeong-dong,10900,16.21353332,17.29378531,0.058823529,17,0.165175046,9843.5,0.158795346,2.706040126,769.7140247
동대문구,11230,이문동,Imun-dong,11000,16.18937081,19.83526012,0.166666667,12,0.19731157,10671.5,0.150703282,4.749649977,319.3088024
중랑구,11260,면목동,Myeonmok-dong,10100,16.11451134,17.66305819,0.103448276,29,0.050754243,45950,0.18697318,7.443130989,499.297548
중랑구,11260,상봉동,Sangbong-dong,10200,16.14359358,12.54462659,0.181818182,11,0.112802983,13125.5,0.225359616,6.456198271,315.3078076
중랑구,11260,중화동,Junghwa-dong,10300,16.05869568,22.14285714,0.333333333,3,0,15094,0.223285486,8.418907626,336.2078397
중랑구,11260,묵동,Muk-dong,10400,16.05888803,20.98210291,0.111111111,18,0.331691528,16403,0.185022026,4.522259035,299.8697585
중랑구,11260,망우동,Mangu-dong,10500,15.86771485,17.79464286,0.090909091,11,0.035333473,17058,0.217948718,9.593158118,395.0659196
중랑구,11260,신내동,Sinnae-dong,10600,16.02955739,25.00365854,0.25,28,0.1103734,18887.5,0.130086313,6.397104234,595.4392706
성북구,11290,돈암동,Donam-dong,10300,16.12509869,23.15142429,0.1875,16,0.22160312,11770.5,0.170060332,2.624125621,533.1431534
성북구,11290,동소문동4가,Dongsomun-dong 4(sa)-ga,10700,16.11394066,23.76190476,0,2,0.176392573,1174.25,0.217391304,2.862098873,416.9740388
성북구,11290,동소문동5가,Dongsomun-dong 5(o)-ga,10800,16.38542285,10.33333333,0,1,0.186440678,712.2777778,0.117117117,4.125089095,177.8792954
성북구,11290,동소문동7가,Dongsomun-dong 7(chil)-ga,11000,16.29544492,17,0,1,0.154639175,411.4375,0.169014085,3.098255158,476.4031311
성북구,11290,삼선동2가,Samseon-dong 2(i)-ga,11200,16.23411974,14.68421053,0,2,0.211120064,712.2777778,0.165322581,4.125089095,360.1276149
성북구,11290,삼선동3가,Samseon-dong 3(sam)-ga,11300,16.34792016,13.24137931,0,2,0.152447552,712.2777778,0.19379845,4.125089095,453.6812715
성북구,11290,삼선동4가,Samseon-dong 4(sa)-ga,11400,16.25515858,24,0,1,0.231121281,712.2777778,0.162162162,4.125089095,339.5590995
성북구,11290,안암동1가,Anam-dong 1(il)-ga,12100,16.28317059,18,0,1,0.170454545,672.2,0.116071429,3.088855168,551.2585209
성북구,11290,안암동3가,Anam-dong 3(sam)-ga,12300,15.6080901,49.80769231,0,2,0.198181818,672.2,0.303370787,3.088855168,390.101439
성북구,11290,보문동4가,Bomun-dong 4(sa)-ga,12600,16.0996381,12,0,1,0.345679012,650.9285714,0.088235294,3.353270552,176.9584707
성북구,11290,보문동6가,Bomun-dong 6(yuk)-ga,12800,16.48311749,8.762886598,0.5,2,0,650.9285714,0.121212121,3.353270552,238.1530983
성북구,11290,보문동3가,Bomun-dong 3(sam)-ga,13200,16.31600754,15.52777778,0,2,0.169919633,650.9285714,0.162337662,3.353270552,264.8789724
성북구,11290,정릉동,Jeongneung-dong,13300,16.08286597,18.60023725,0.04,25,0.139576402,20936.25,0.223935389,3.667090559,1263.264179
성북구,11290,길음동,Gireum-dong,13400,16.39551128,14.87039106,0.363636364,22,0.136274893,11361.5,0.119593909,2.089145891,688.6747699
성북구,11290,종암동,Jongam-dong,13500,16.25358,19.11077844,0.142857143,14,0.162885246,11214.5,0.169024045,3.761837493,556.1258271
성북구,11290,하월곡동,Hawolgok-dong,13600,16.16496969,16.05545287,0.153846154,13,0.174065987,13391.75,0.200805524,3.760917091,532.0594511
성북구,11290,상월곡동,Sangwolgok-dong,13700,16.04083919,21.25217391,0.333333333,3,0.192482916,2808.25,0.193877551,4.079284556,190.9467987
성북구,11290,장위동,Jangwi-dong,13800,16.30008897,5.424390244,0.2,10,0.059404436,16504.5,0.084494774,7.046910128,929.3564907
성북구,11290,석관동,Seokgwan-dong,13900,16.24412882,17.63194444,0.333333333,6,0.129637619,11187.5,0.141404806,5.465210826,336.7072141
강북구,11305,미아동,Mia-dong,10100,16.09858014,14.6066482,0.380952381,21,0.139249367,42423,0.156972499,6.202255155,882.4429284
강북구,11305,번동,Beon-dong,10200,16.00981365,20.65548098,0.235294118,17,0.020914252,16377,0.184955141,12.21302296,1111.324423
강북구,11305,수유동,Suyu-dong,10300,15.85479854,16.95588235,0.166666667,6,0.197308133,34845.5,0.255969436,7.511426973,873.3546296
강북구,11305,우이동,Ui-dong,10400,15.65483993,26.22857143,0,2,0,3430.5,0.21875,6.447941409,2267.268441
도봉구,11320,쌍문동,Ssangmun-dong,10500,15.83511275,29.98042169,0.083333333,24,0.019770799,24939.5,0.184013605,5.083434782,942.9508359
도봉구,11320,방학동,Banghak-dong,10600,15.81830266,27.06729475,0.074074074,27,0.127305992,26148,0.227380952,6.769197517,953.8358396
도봉구,11320,창동,Chang-dong,10700,16.16517513,27.93010753,0.222222222,36,0.139129793,38251.5,0.148243222,3.546250984,489.1698113
도봉구,11320,도봉동,Dobong-dong,10800,15.81626646,27.29708738,0.117647059,17,0.033533692,16632,0.223463687,6.251931088,318.2896451
노원구,11350,월계동,Wolgye-dong,10200,16.19844381,26.38213628,0.194444444,36,0.073510588,24562,0.133784487,7.822929321,571.2526293
노원구,11350,공릉동,Gongneung-dong,10300,16.09172001,22.42244526,0.1,40,0.098901668,22181,0.205718623,4.670596619,430.7766417
노원구,11350,하계동,Hagye-dong,10400,16.21613344,32.28965517,0.411764706,17,0.088899259,15094,0.115556799,8.429469826,425.4412764
노원구,11350,상계동,Sanggye-dong,10500,16.18799038,30.39104159,0.253521127,71,0.065367009,67251,0.125900832,5.25357769,430.5446923
노원구,11350,중계동,Junggye-dong,10600,16.2091775,29.23193167,0.170212766,47,0.099576988,27411.5,0.122494432,7.643707369,826.2140532
은평구,11380,수색동,Susaek-dong,10100,16.34917009,13.23033708,0.3,10,0.109289617,4099.5,0.141618497,4.527536006,461.991751
은평구,11380,녹번동,Nokbeon-dong,10200,16.36046302,8.969899666,0.285714286,7,0.070428794,11000,0.114304376,4.942761499,167.2391904
은평구,11380,불광동,Bulgwang-dong,10300,16.24755591,14.96103896,0.142857143,14,0.118406441,21332.5,0.140527578,6.367505252,448.7635705
은평구,11380,갈현동,Galhyeon-dong,10400,15.72428018,24.10191083,0,5,0.302796528,15027,0.198347107,6.211575829,634.7764152
은평구,11380,구산동,Gusan-dong,10500,15.76446276,18.10714286,0,7,0.140172676,10402,0.279591837,5.159341869,895.4783019
은평구,11380,대조동,Daejo-dong,10600,16.27451399,4.761341223,0,2,0.026236882,7668,0.206931702,6.45136807,293.6382821
은평구,11380,응암동,Eungam-dong,10700,16.25850293,8.777651083,0.157894737,19,0.061533632,23222.5,0.131315861,5.198527619,748.5008124
은평구,11380,역촌동,Yeokchon-dong,10800,15.72206589,16.28148148,0,1,0.1775,13931,0.409395973,5.537882522,970.6338152
은평구,11380,신사동,Sinsa-dong,10900,15.9220488,20.82274247,0,13,0.015526316,14832,0.219864995,4.945226917,731.1016515
은평구,11380,증산동,Jeungsan-dong,11000,16.26182353,16.50980392,0.333333333,3,0.044345898,5369.5,0.130935252,4.430226944,362.5201463
은평구,11380,진관동,Jingwan-dong,11400,16.20053687,11.83130435,0.025641026,39,0.255929851,15261.5,0.08271474,3.05062171,910.5227532
서대문구,11410,충정로3가,Chungjeongno 3(sam)-ga,10200,16.22694648,24.57407407,0,1,0,1162.5,0.067434211,3.824765356,27.31795933
서대문구,11410,합동,Hap-dong,10300,16.4582805,15.71428571,0,1,0,1162.5,0.109090909,3.824765356,432.1603956
서대문구,11410,냉천동,Naengcheon-dong,10500,16.51632643,14.36842105,0,2,0.240601504,1038.5,0.134099617,4.628276623,500.1315888
서대문구,11410,천연동,Cheonyeon-dong,10600,16.50952672,17,1,1,0,1038.5,0.170909091,4.628276623,675.4955429
서대문구,11410,영천동,Yeongcheon-dong,10800,16.30317718,28,0,1,0.268156425,1038.5,0.136904762,4.628276623,380.1915267
서대문구,11410,현저동,Hyeonjeo-dong,10900,16.36396927,24.33333333,0.333333333,3,0.16803653,1038.5,0.102249489,4.628276623,352.0759083
서대문구,11410,북아현동,Bugahyeon-dong,11000,16.64525897,12.10684932,0.5,4,0.03418124,5591.5,0.117774176,3.815195407,556.0930986
서대문구,11410,홍제동,Hongje-dong,11100,16.22651807,22.82871126,0.047619048,21,0.124088233,17339.5,0.144215011,4.31131019,423.645118
서대문구,11410,대현동,Daehyeon-dong,11200,16.30480322,16.27659574,0,1,0.087719298,639.6,0.118609407,2.220974165,328.2558444
서대문구,11410,연희동,Yeonhui-dong,11700,16.11586397,18.04864865,0,6,0.169680111,8935,0.19047619,2.599526828,901.5803307
서대문구,11410,홍은동,Hongeun-dong,11800,16.00813032,21.26380368,0.0625,16,0.100013795,15600,0.211525868,4.181857394,774.4429258
서대문구,11410,북가좌동,Bukgajwa-dong,11900,16.30816329,17,0.111111111,9,0.182384779,15106.5,0.132305195,4.373076134,646.7733294
서대문구,11410,남가좌동,Namgajwa-dong,12000,16.44389046,11.85849057,0.416666667,12,0.109390527,11662.5,0.115269957,3.784734903,699.6181325
마포구,11440,아현동,Ahyeon-dong,10100,16.81050448,11.09160305,0.333333333,6,0.109577583,4878.333333,0.08814741,2.690627694,237.7956259
마포구,11440,공덕동,Gongdeok-dong,10200,16.69587248,17.24035608,0,14,0.125632525,4878.333333,0.115732369,2.690627694,354.6756709
마포구,11440,신공덕동,Singongdeok-dong,10300,16.60494196,17.77889447,0,10,0.232698962,2686.5,0.122486289,3.106647954,330.8904091
마포구,11440,도화동,Dohwa-dong,10400,16.48181254,24.18450185,0.25,8,0.190700017,6608.5,0.108847497,2.642343537,289.9961441
마포구,11440,용강동,Yonggang-dong,10500,16.81196715,13.4057971,0,3,0.128571429,875,0.066276803,2.094511908,478.0958724
마포구,11440,토정동,Tojeong-dong,10600,16.70773803,26,0,1,0,875,0.074285714,2.094511908,383.7490598
마포구,11440,마포동,Mapo-dong,10700,16.16717967,16.25,0,2,0.207627119,3922,0.188679245,2.336303109,254.5838057
마포구,11440,대흥동,Daeheung-dong,10800,16.72373696,12.16915423,0.333333333,6,0.119596542,3250.8,0.090415913,2.449547341,216.810221
마포구,11440,염리동,Yeomni-dong,10900,16.77598021,14.44715447,0.2,5,0.089857046,7015.833333,0.110803324,2.432538497,443.4566604
마포구,11440,노고산동,Nogosan-dong,11000,15.95195568,19.06779661,0,1,0,2861.833333,0.136627907,2.32044486,394.0284368
마포구,11440,신수동,Sinsu-dong,11100,16.64436383,13.13076923,0.125,8,0.112056738,2375.8,0.086906141,2.586438439,293.7374106
마포구,11440,현석동,Hyeonseok-dong,11200,16.80311751,14.66153846,0,3,0.159786951,1226.8,0.091880342,1.84914404,502.3002244
마포구,11440,창전동,Changjeon-dong,11400,16.52115519,16.47058824,0,10,0.073939394,1242.5,0.096397274,1.468285441,261.494899
마포구,11440,상수동,Sangsu-dong,11500,16.65532407,11.62337662,0,3,0.144617913,1242.5,0.113065327,1.468285441,241.0430211
마포구,11440,하중동,Hajung-dong,11600,16.66380409,13,0,1,0.37704918,1242.5,0.110169492,1.468285441,388.0650182
마포구,11440,신정동,Sinjeong-dong,11700,16.55097234,24.05555556,0,1,0.249070632,1226.8,0.056338028,1.84914404,371.0239474
마포구,11440,서교동,Seogyo-dong,12000,16.24601735,15.66129032,0,3,0.093881857,1712.833333,0.137096774,1.759482457,266.647568
마포구,11440,합정동,Hapjeong-dong,12200,16.46251987,12.64814815,0,2,0.333333333,4139.5,0.212765957,3.023952096,394.0284368
마포구,11440,망원동,Mangwon-dong,12300,16.25867455,14.7654321,0,5,0.117180617,10226,0.185080264,3.149127446,579.3250834
마포구,11440,연남동,Yeonnam-dong,12400,16.23188416,22.01538462,0,1,0.289699571,3519.5,0.285,1.894108362,630.2249093
마포구,11440,성산동,Seongsan-dong,12500,16.57786483,30.18927445,0.285714286,7,0.030455472,10120,0.084638172,4.555787763,349.2465427
마포구,11440,중동,Jung-dong,12600,16.25257849,21.2,0,6,0.130813953,5090,0.131386861,5.851397549,497.4994181
마포구,11440,상암동,Sangam-dong,12700,16.42926988,17.01234568,0.071428571,14,0.135005274,7895.5,0.041987179,4.316902919,903.9356615
양천구,11470,신정동,Sinjeong-dong,10100,16.52410286,24.86715621,0.232142857,56,0.175249169,53084.5,0.080839089,4.117772317,829.0895148
양천구,11470,목동,Mok-dong,10200,16.65220289,25.29213483,0.230769231,39,0.315979209,42289,0.089417989,2.484425557,573.5061777
양천구,11470,신월동,Sinwol-dong,10300,16.04665213,16.65,0.090909091,22,0.055297112,39866,0.180222497,5.539341632,1019.172481
강서구,11500,염창동,Yeomchang-dong,10100,16.31646248,21.39151713,0,33,0.092050623,10273,0.124,0.580734145,417.8707858
강서구,11500,등촌동,Deungchon-dong,10200,16.29507443,24.78324468,0.212121212,33,0.104091059,21761,0.137239784,8.139652351,393.4784034
강서구,11500,화곡동,Hwagok-dong,10300,16.029293,14.54843875,0.235294118,17,0.249883703,61918,0.150259965,4.45909887,584.5463079
강서구,11500,가양동,Gayang-dong,10400,16.45856197,28.36619718,0.444444444,18,0.082213607,11315.5,0.097815534,12.55990442,335.8327675
강서구,11500,마곡동,Magok-dong,10500,16.54432728,9.651474531,0.3,20,0.113697473,3758.5,0.046643247,0.941322277,373.83379
강서구,11500,내발산동,Naebalsan-dong,10600,16.24505609,17.18550107,0.181818182,11,0.07940386,10843.75,0.09623431,3.055214177,701.6454825
강서구,11500,공항동,Gonghang-dong,10800,15.97030751,11.90140845,0,1,0.139534884,1937.875,0.335294118,5.929094349,272.9079017
강서구,11500,방화동,Banghwa-dong,10900,16.15224951,22.38365494,0.121212121,33,0.103850719,23103,0.179027505,5.976117745,375.5760139
구로구,11530,신도림동,Sindorim-dong,10100,16.41104514,21.93359375,0.125,16,0.1599917,9286,0.124595469,0.572801699,382.3956792
구로구,11530,구로동,Guro-dong,10200,16.01238993,22.49531164,0.108108108,37,0.085159179,34368.5,0.209653756,2.97049865,499.6675278
구로구,11530,고척동,Gocheok-dong,10600,16.02515442,24.73076923,0.041666667,24,0.076901195,16185.5,0.168389956,4.128890223,864.0715717
구로구,11530,개봉동,Gaebong-dong,10700,16.04174582,22.38376384,0.210526316,19,0.15523247,27615.5,0.139249816,3.873788321,418.7658478
구로구,11530,오류동,Oryu-dong,10800,15.81557076,15.1010274,0,15,0.111701245,9632.5,0.253320216,5.115281654,435.9807374
구로구,11530,온수동,Onsu-dong,11000,16.06163364,13.68571429,0,1,0.235235235,3771.5,0.224334601,4.543687643,561.4057235
구로구,11530,천왕동,Cheonwang-dong,11100,16.12761586,10.87142857,0.181818182,11,0.10859427,3654.5,0.02133771,5.044670465,737.7760641
구로구,11530,항동,Hang-dong,11200,16.1266987,6.056074766,0.083333333,12,0.052916978,3654.5,0.31443299,5.044670465,1070.106967
금천구,11545,가산동,Gasan-dong,10100,16.05630008,14.1557971,0.5,2,0.160703812,5193.5,0.20202874,3.482376807,872.743062
금천구,11545,독산동,Doksan-dong,10200,16.18008699,13.80507343,0.222222222,18,0.104900881,32321.5,0.142930328,5.289699676,548.381642
금천구,11545,시흥동,Siheung-dong,10300,15.89124688,21.15571776,0.2,20,0.183875125,35399,0.212950139,6.556290422,1402.341119
영등포구,11560,영등포동,Yeongdeungpo-dong,10100,16.47645451,19.65,0.333333333,3,0.018821889,4100.638889,0.113580247,5.001686601,379.9452148
영등포구,11560,영등포동1가,Yeongdeungpo-dong 1(il)-ga,10200,16.21097289,9.502145923,0,1,0,690.8888889,0.298507463,5.319879187,371.8609109
영등포구,11560,영등포동7가,Yeongdeungpo-dong 7(chil)-ga,10800,16.55216562,11.52571429,0.333333333,3,0.116151545,690.8888889,0.125560538,5.319879187,142.2041003
영등포구,11560,영등포동8가,Yeongdeungpo-dong 8(pal)-ga,10900,16.40841377,19.52439024,0,2,0.319470699,690.8888889,0.189473684,5.319879187,394.5931334
영등포구,11560,여의도동,Yeouido-dong,11000,16.71847006,37.07982262,0.045454545,22,0.437481108,9133.5,0.115353698,0.402894643,357.8444918
영등포구,11560,당산동1가,Dangsan-dong 1(il)-ga,11100,16.44820012,24.12,0,2,0,1846.833333,0.113402062,3.024884518,349.2846582
영등포구,11560,당산동2가,Dangsan-dong 2(i)-ga,11200,16.32034634,26.01086957,0,3,0,1846.833333,0.106870229,3.024884518,211.3706964
영등포구,11560,당산동3가,Dangsan-dong 3(sam)-ga,11300,16.5021528,16.41818182,0,5,0.374401095,1846.833333,0.124600639,3.024884518,290.6443759
영등포구,11560,당산동4가,Dangsan-dong 4(sa)-ga,11400,16.5214576,22.40723982,0,9,0.123370982,2112.375,0.145856354,0.760074379,406.6254619
영등포구,11560,당산동5가,Dangsan-dong 5(o)-ga,11500,16.57724711,18.96610169,0.125,8,0.333814334,2112.375,0.101098901,0.760074379,221.0953205
영등포구,11560,당산동,Dangsan-dong,11700,16.24558041,15.36196319,0,2,0.294168842,2112.375,0.241573034,0.760074379,404.6217321
영등포구,11560,도림동,Dorim-dong,11800,16.26888788,10.49438202,0,4,0.077427822,5295,0.146511628,4.974500698,690.4733008
영등포구,11560,문래동2가,Mullae-dong 2(i)-ga,12000,16.45941297,40,0,1,0,1286.166667,0.071428571,0.816009929,365.8811737
영등포구,11560,문래동3가,Mullae-dong 3(sam)-ga,12100,16.41370787,23.46031746,0.2,5,0.333801334,1286.166667,0.123417722,0.816009929,211.5957223
영등포구,11560,문래동4가,Mullae-dong 4(sa)-ga,12200,16.26519656,20.25,0,2,0,1286.166667,0.137096774,0.816009929,468.3429189
영등포구,11560,문래동5가,Mullae-dong 5(o)-ga,12300,16.21482643,25.90789474,0,6,0.070771408,1286.166667,0.148036254,0.816009929,369.6632936
영등포구,11560,문래동6가,Mullae-dong 6(yuk)-ga,12400,16.34003905,29.17355372,0,9,0.083073323,1286.166667,0.072671443,0.816009929,554.0083138
영등포구,11560,양평동1가,Yangpyeong-dong 1(il)-ga,12500,16.43150073,20.06451613,0,3,0.039256198,1262.833333,0.036474164,1.747780923,359.1508077
영등포구,11560,양평동2가,Yangpyeong-dong 2(i)-ga,12600,16.31314775,28.63636364,0,4,0.076712329,1262.833333,0.178899083,1.747780923,369.9900233
영등포구,11560,양평동3가,Yangpyeong-dong 3(sam)-ga,12700,16.35904248,21.47333333,0,7,0.073460722,1262.833333,0.156133829,1.747780923,404.3304059
영등포구,11560,양평동4가,Yangpyeong-dong 4(sa)-ga,12800,16.18957457,27.3220339,0,3,0.024173028,876.25,0.204819277,1.261346487,244.0630633
영등포구,11560,양평동5가,Yangpyeong-dong 5(o)-ga,12900,16.44314099,26.67346939,0.5,2,0.016440315,876.25,0.175257732,1.261346487,227.9790642
영등포구,11560,양평동6가,Yangpyeong-dong 6(yuk)-ga,13000,16.1934279,21.675,0,2,0.151452282,876.25,0.201388889,1.261346487,479.8903531
영등포구,11560,신길동,Singil-dong,13200,16.4910001,16.10714286,0.172413793,29,0.072304534,30019.5,0.091135562,4.303996781,516.2369561
영등포구,11560,대림동,Daerim-dong,13300,16.07366849,17.77121771,0.05,20,0.031895962,17752.75,0.205752212,4.497562955,504.8272796
동작구,11590,노량진동,Noryangjin-dong,10100,16.3256561,21.07172996,0.125,8,0.22249481,7683.5,0.121212121,5.818611927,433.0467506
동작구,11590,상도동,Sangdo-dong,10200,16.6760546,13.47912317,0.115384615,26,0.142558359,28555.5,0.147626618,3.671908161,394.2808929
동작구,11590,본동,Bon-dong,10400,16.53217037,21.57763975,0,9,0.215081967,4443.5,0.117460317,3.908981122,262.173449
동작구,11590,흑석동,Heukseok-dong,10500,16.76036271,16.67656766,0.166666667,12,0.154640371,8730,0.085371276,2.369197068,535.8780516
동작구,11590,동작동,Dongjak-dong,10600,16.64421644,13.32352941,0,4,0.194,4215.25,0.082901554,2.408600607,597.8377191
동작구,11590,사당동,Sadang-dong,10700,16.46367968,21.43001443,0.115384615,26,0.240614709,24933.75,0.104748921,3.01901057,503.6041804
동작구,11590,대방동,Daebang-dong,10800,16.45082782,16.45833333,0.090909091,11,0.056546617,10052,0.195901145,4.004581284,362.5170666
동작구,11590,신대방동,Sindaebang-dong,10900,16.30197173,24.02279202,0.055555556,18,0.218745977,12025,0.131774102,2.770504644,603.0428449
관악구,11620,봉천동,Bongcheon-dong,10100,16.24614939,19.03551046,0.264705882,34,0.15623994,54957.5,0.126270867,4.056607169,623.3496778
관악구,11620,신림동,Sillim-dong,10200,16.01502531,18.01853568,0.151515152,33,0.139958547,65240,0.165909091,5.592474467,1459.706868
관악구,11620,남현동,Namhyeon-dong,10300,16.1701676,13.57627119,0,2,0.110465116,4716.5,0.267676768,2.040017885,697.7403127
서초구,11650,방배동,Bangbae-dong,10100,16.67168821,21.36415363,0,28,0.30428333,31698.5,0.134667655,1.608508726,461.8670015
서초구,11650,양재동,Yangjae-dong,10200,16.48334073,24.73417722,0,5,0.038461538,8921,0.064705882,5.018303246,780.7392078
서초구,11650,우면동,Umyeon-dong,10300,16.66851911,14.13084112,0.133333333,15,0.164683022,5962.75,0.051835853,5.691258671,1317.173237
서초구,11650,잠원동,Jamwon-dong,10600,17.17883118,26.22038567,0.085714286,35,0.295339946,13374,0.091829085,0.638653023,343.8160695
서초구,11650,반포동,Banpo-dong,10700,17.35099706,19.4741573,0.35,21,0.205844523,16865,0.115917283,1.152551059,277.7197609
서초구,11650,서초동,Seocho-dong,10800,16.7002524,18.94782609,0.093023256,43,0.287456869,23609.5,0.115978759,0.870510246,468.3388275
서초구,11650,내곡동,Naegok-dong,10900,16.65309474,8.717391304,1,2,0.232806493,1644.166667,0.027995521,4.657202216,909.0524136
서초구,11650,신원동,Sinwon-dong,11100,16.81497466,8.826086957,0,5,0.150458716,1644.166667,0.038506418,4.657202216,580.2723901
강남구,11680,역삼동,Yeoksam-dong,10100,16.86167552,17.53057851,0.038461538,26,0.154564315,14669,0.090627236,2.334558035,408.6973675
강남구,11680,개포동,Gaepo-dong,10300,17.2047235,21.03686636,0.409090909,22,0.114977362,14874.08333,0.065360674,2.040156604,435.6135899
강남구,11680,청담동,Cheongdam-dong,10400,16.96756658,18.87739464,0,16,0.438195548,6739,0.099507928,0.901622921,383.6764832
강남구,11680,삼성동,Samseong-dong,10500,16.97072128,18.27173913,0.047619048,21,0.243853986,10837.5,0.084633256,1.578113075,204.8625206
강남구,11680,대치동,Daechi-dong,10600,17.08573903,31.01917404,0.238095238,21,0.329033348,23250.83333,0.05801105,0.909721687,392.6185214
강남구,11680,신사동,Sinsa-dong,10700,16.57016912,16.20833333,0,3,0.222222222,5703.25,0.244117647,0.961326778,360.9674209
강남구,11680,논현동,Nonhyeon-dong,10800,16.62235922,20.43560606,0,10,0.161825726,9749,0.125979843,3.391719359,278.3711314
강남구,11680,압구정동,Apgujeong-dong,11000,17.31608297,42.64864865,0.333333333,9,0.331145292,5703.25,0.069992821,0.961326778,436.0876747
강남구,11680,세곡동,Segok-dong,11100,16.71858654,11.08235294,0,7,0.067412806,3762.166667,0.037674038,5.746671632,2246.873054
강남구,11680,자곡동,Jagok-dong,11200,16.73033211,8.819277108,0.714285714,7,0.202718334,3762.166667,0.071472205,5.746671632,1193.213145
강남구,11680,율현동,Yulhyeon-dong,11300,16.75455611,8,0,2,0.100548446,3762.166667,0.062068966,5.746671632,569.1258827
강남구,11680,일원동,Irwon-dong,11400,17.01564533,23.62269939,0.214285714,14,0.173213588,7311.583333,0.047201618,3.898258806,358.0501302
강남구,11680,수서동,Suseo-dong,11500,17.00381623,26.93606138,0.363636364,11,0.078766783,11023.25,0.091262136,13.12411699,307.4870397
강남구,11680,도곡동,Dogok-dong,11800,16.96129398,22.2310705,0.103448276,29,0.297057349,14926.5,0.111385583,0.444701882,392.1183971
송파구,11710,잠실동,Jamsil-dong,10100,17.11712709,21.40217391,0.636363636,11,0.180731047,28568.5,0.056369389,1.065237497,489.8678463
송파구,11710,신천동,Sincheon-dong,10200,16.94278996,21.8830313,0.25,8,0.181218147,10513.5,0.077304262,0.175962461,278.532195
송파구,11710,풍납동,Pungnap-dong,10300,16.5415605,24.64788732,0,12,0.122028791,11345,0.091179386,2.878498081,529.5575567
송파구,11710,송파동,Songpa-dong,10400,16.60760179,23.65486726,0,9,0.339020036,11990.5,0.091314031,2.170220796,613.1266373
송파구,11710,석촌동,Seokchon-dong,10500,16.52759247,13.63095238,0,2,0,8390,0.154891304,3.353378367,276.8278461
송파구,11710,가락동,Garak-dong,10700,16.80456888,15.35277778,0.105263158,19,0.166372049,24952.5,0.086299892,1.584285029,364.3461558
송파구,11710,문정동,Munjeong-dong,10800,16.62770358,27.8285124,0.272727273,11,0.214457599,13895.75,0.09039548,2.763793175,551.2920741
송파구,11710,장지동,Jangji-dong,10900,16.68925316,11.07606264,0.136363636,22,0.188200371,7681.25,0.045190713,3.208081932,630.1841688
송파구,11710,방이동,Bangi-dong,11100,16.69152525,28.78964401,0.25,4,0.438406828,16883,0.079657388,2.107940815,322.3653318
송파구,11710,오금동,Ogeum-dong,11200,16.4953317,23.59803922,0.071428571,14,0.272296764,12486.5,0.10292581,4.511139023,297.7111236
송파구,11710,거여동,Geoyeo-dong,11300,16.55048303,19.58688525,0.210526316,19,0.192926533,10829.5,0.055145975,4.458531749,580.605895
송파구,11710,마천동,Macheon-dong,11400,16.2836341,17.04132231,0,6,0.142800789,13613.5,0.082334133,8.500510031,398.5453444
강동구,11740,명일동,Myeongil-dong,10100,16.55439568,26.33763441,0.25,12,0.212736318,12764.5,0.077442159,1.365323591,414.8695647
강동구,11740,고덕동,Godeok-dong,10200,16.71946429,7.965417867,0.428571429,7,0.101827256,12202,0.078180332,2.043406111,455.3899079
강동구,11740,상일동,Sangil-dong,10300,16.64400639,5.23992674,0.416666667,12,0.047840079,17785.25,0.048010974,3.798531114,587.419276
강동구,11740,길동,Gil-dong,10500,16.09011221,16.50255537,0.1,10,0.217751719,14351,0.168706963,3.7422685,555.7227956
강동구,11740,둔촌동,Dunchon-dong,10600,16.45910418,21.05208333,0,12,0.143315508,7775.5,0.148648649,2.265425488,664.4104895
강동구,11740,암사동,Amsa-dong,10700,16.50835147,18.3019802,0.375,8,0.226420798,20137,0.100518135,3.470513428,449.4149438
강동구,11740,성내동,Seongnae-dong,10800,16.33501045,14.51272727,0.111111111,9,0.127366609,20075,0.18728223,3.170627405,319.3770258
강동구,11740,천호동,Cheonho-dong,10900,16.3204631,16.67356688,0,25,0.132212968,26861,0.159697188,6.086727065,352.4596583
강동구,11740,강일동,Gangil-dong,11000,16.3071022,11.70658683,0.157894737,19,0.065316307,4704.75,0.017268803,7.254836048,1265.658975
